Unnamed: 0,Player,Tm,Pos,Age,G,GS,Tgt,Rec,PassingYds,PassingTD,PassingAtt,RushingYds,RushingTD,RushingAtt,ReceivingYds,ReceivingTD,FantasyPoints_x,Int,Fumbles,FumblesLost,FantasyPoints_y,PredictedFantasyPoints
0,ChristianMcCaffrey,CAR,RB,23.0,16.0,16.0,142.0,116.0,0.0,0.0,2.0,1387.0,15.0,287.0,1005.0,4.0,469.2,0.0,1.0,0.0,73.0,224.23795
1,LamarJackson,BAL,QB,22.0,15.0,15.0,0.0,0.0,3127.0,36.0,401.0,1206.0,7.0,176.0,0.0,0.0,415.68,6.0,9.0,2.0,333.0,360.9501
2,DerrickHenry,TEN,RB,25.0,15.0,15.0,24.0,18.0,0.0,0.0,0.0,1540.0,16.0,303.0,206.0,2.0,294.6,0.0,5.0,3.0,314.0,212.97408
3,AaronJones,GNB,RB,25.0,16.0,16.0,68.0,49.0,0.0,0.0,0.0,1084.0,16.0,236.0,474.0,3.0,314.8,0.0,3.0,2.0,212.0,187.23592
4,EzekielElliott,DAL,RB,24.0,16.0,16.0,71.0,54.0,0.0,0.0,0.0,1357.0,12.0,301.0,420.0,2.0,311.7,0.0,3.0,2.0,172.0,185.71156
5,DalvinCook,MIN,RB,24.0,14.0,14.0,63.0,53.0,0.0,0.0,0.0,1135.0,13.0,250.0,519.0,0.0,292.4,0.0,4.0,2.0,294.0,175.94112
6,MichaelThomas,NOR,WR,26.0,16.0,15.0,185.0,149.0,0.0,0.0,0.0,-9.0,0.0,1.0,1725.0,9.0,374.6,0.0,1.0,0.0,44.0,183.44914
7,TravisKelce,KAN,TE,30.0,16.0,16.0,136.0,97.0,0.0,0.0,0.0,4.0,1.0,1.0,1229.0,5.0,254.3,0.0,1.0,1.0,208.0,115.724976
8,NickChubb,CLE,RB,24.0,16.0,16.0,49.0,36.0,0.0,0.0,0.0,1494.0,8.0,298.0,278.0,0.0,255.2,0.0,3.0,3.0,192.0,168.73749
9,AustinEkeler,LAC,RB,24.0,16.0,8.0,108.0,92.0,0.0,0.0,0.0,557.0,3.0,132.0,993.0,8.0,309.0,0.0,3.0,2.0,111.0,166.82942
10,MarkIngram,BAL,RB,30.0,15.0,15.0,29.0,26.0,0.0,0.0,0.0,1018.0,10.0,202.0,247.0,5.0,238.5,0.0,2.0,2.0,47.0,141.53111
11,DakPrescott,DAL,QB,26.0,16.0,16.0,0.0,0.0,4902.0,30.0,596.0,277.0,3.0,52.0,0.0,0.0,335.7800000000001,11.0,6.0,2.0,135.0,316.41974
12,MarkAndrews,BAL,TE,23.0,15.0,4.0,98.0,64.0,0.0,0.0,0.0,0.0,0.0,0.0,852.0,10.0,207.2,0.0,2.0,1.0,112.0,143.0211
13,RussellWilson,SEA,QB,31.0,16.0,16.0,0.0,0.0,4110.0,31.0,516.0,342.0,3.0,75.0,0.0,0.0,326.6,5.0,8.0,2.0,360.0,342.0892
14,ChrisGodwin,TAM,WR,23.0,14.0,14.0,121.0,86.0,0.0,0.0,0.0,8.0,0.0,1.0,1333.0,9.0,274.1,0.0,0.0,0.0,126.0,158.66043
15,GeorgeKittle,SFO,TE,26.0,14.0,14.0,107.0,85.0,0.0,0.0,0.0,22.0,0.0,5.0,1053.0,5.0,222.5,0.0,1.0,0.0,77.0,111.6056
16,DeshaunWatson,HOU,QB,24.0,15.0,15.0,1.0,1.0,3852.0,26.0,495.0,413.0,7.0,82.0,6.0,1.0,318.98,12.0,10.0,3.0,369.0,258.499
17,ChrisCarson,SEA,RB,25.0,15.0,15.0,47.0,37.0,0.0,0.0,0.0,1230.0,7.0,278.0,266.0,2.0,232.6,0.0,7.0,4.0,151.0,177.96812
18,DarrenWaller,OAK,TE,27.0,16.0,16.0,117.0,90.0,0.0,0.0,0.0,5.0,0.0,2.0,1145.0,3.0,221.0,0.0,1.0,1.0,172.0,108.166176
19,KennyGolladay,DET,WR,26.0,16.0,16.0,116.0,65.0,0.0,0.0,0.0,0.0,0.0,0.0,1190.0,11.0,248.0,0.0,1.0,1.0,46.0,159.46361
20,SaquonBarkley,NYG,RB,22.0,13.0,13.0,73.0,52.0,0.0,0.0,0.0,1003.0,6.0,217.0,438.0,2.0,244.1,0.0,1.0,0.0,9.0,123.56707
21,ZachErtz,PHI,TE,29.0,15.0,15.0,135.0,88.0,0.0,0.0,0.0,0.0,0.0,0.0,916.0,6.0,213.6,0.0,1.0,1.0,42.0,109.95872
22,JoeMixon,CIN,RB,23.0,16.0,15.0,45.0,35.0,0.0,0.0,0.0,1137.0,5.0,278.0,287.0,3.0,225.4,0.0,0.0,0.0,79.0,118.060005
23,ToddGurley,LAR,RB,25.0,15.0,15.0,49.0,31.0,0.0,0.0,0.0,857.0,12.0,223.0,207.0,2.0,217.4,0.0,3.0,2.0,138.0,144.24352
24,JaredCook,NOR,TE,32.0,14.0,7.0,65.0,43.0,0.0,0.0,0.0,0.0,0.0,0.0,705.0,9.0,167.5,0.0,0.0,0.0,90.0,108.198364
25,CooperKupp,LAR,WR,26.0,16.0,14.0,134.0,94.0,0.0,0.0,1.0,4.0,0.0,2.0,1161.0,10.0,270.5,0.0,3.0,0.0,117.0,152.85071
26,JulioJones,ATL,WR,30.0,15.0,15.0,157.0,99.0,0.0,0.0,0.0,-3.0,0.0,2.0,1394.0,6.0,274.1,0.0,1.0,0.0,95.0,126.24821
27,DeVanteParker,MIA,WR,26.0,16.0,14.0,128.0,72.0,0.0,0.0,0.0,0.0,0.0,0.0,1202.0,9.0,246.2,0.0,0.0,0.0,103.0,141.02788
28,LeonardFournette,JAX,RB,24.0,15.0,15.0,100.0,76.0,0.0,0.0,0.0,1152.0,3.0,265.0,522.0,0.0,259.4,0.0,1.0,1.0,96.0,124.32377
29,JameisWinston,TAM,QB,25.0,16.0,16.0,0.0,0.0,5109.0,33.0,626.0,250.0,1.0,59.0,0.0,0.0,297.36,30.0,12.0,5.0,2.0,183.00948
30,AustinHooper,ATL,TE,25.0,13.0,10.0,97.0,75.0,0.0,0.0,0.0,0.0,0.0,0.0,787.0,6.0,189.7,0.0,0.0,0.0,68.0,105.70074
31,AmariCooper,DAL,WR,25.0,16.0,16.0,119.0,79.0,0.0,0.0,0.0,6.0,0.0,1.0,1189.0,8.0,246.5,0.0,0.0,0.0,145.0,139.4066
32,MikeEvans,TAM,WR,26.0,13.0,13.0,118.0,67.0,0.0,0.0,0.0,0.0,0.0,0.0,1157.0,8.0,230.7,0.0,0.0,0.0,179.0,131.58359
33,AJBrown,TEN,WR,22.0,16.0,11.0,84.0,52.0,0.0,0.0,0.0,60.0,1.0,3.0,1051.0,8.0,217.1,0.0,1.0,0.0,178.0,133.88518
34,DeAndreHopkins,HOU,WR,27.0,15.0,15.0,150.0,104.0,6.0,1.0,2.0,18.0,0.0,2.0,1165.0,7.0,266.54,1.0,0.0,0.0,173.0,127.298805
35,JoshJacobs,OAK,RB,21.0,13.0,13.0,27.0,20.0,0.0,0.0,0.0,1150.0,7.0,242.0,166.0,0.0,191.6,0.0,1.0,1.0,198.0,123.04819
36,KeenanAllen,LAC,WR,27.0,16.0,16.0,149.0,104.0,0.0,0.0,0.0,16.0,0.0,3.0,1199.0,6.0,261.5,0.0,0.0,0.0,145.0,130.17798
37,MilesSanders,PHI,RB,22.0,16.0,11.0,63.0,50.0,0.0,0.0,0.0,818.0,3.0,179.0,509.0,3.0,216.7,0.0,2.0,1.0,142.0,117.62214
38,AllenRobinson,CHI,WR,26.0,16.0,15.0,154.0,98.0,0.0,0.0,0.0,2.0,0.0,1.0,1147.0,7.0,254.9,0.0,0.0,0.0,161.0,135.76686
39,JulianEdelman,NWE,WR,33.0,16.0,13.0,153.0,100.0,47.0,1.0,2.0,27.0,0.0,8.0,1117.0,6.0,254.28,0.0,3.0,1.0,35.0,114.17039
40,AlvinKamara,NOR,RB,24.0,14.0,9.0,97.0,81.0,13.0,0.0,1.0,797.0,5.0,171.0,533.0,1.0,248.52,0.0,4.0,1.0,295.0,127.979294
41,MarlonMack,IND,RB,23.0,14.0,12.0,17.0,14.0,0.0,0.0,0.0,1091.0,8.0,247.0,82.0,0.0,179.29999999999995,0.0,0.0,0.0,6.0,105.98046
42,JarvisLandry,CLE,WR,27.0,16.0,16.0,138.0,83.0,0.0,0.0,0.0,10.0,0.0,1.0,1174.0,6.0,237.4,0.0,0.0,0.0,116.0,123.00493
43,JoshAllen,BUF,QB,23.0,16.0,16.0,0.0,0.0,3089.0,20.0,461.0,510.0,9.0,109.0,0.0,0.0,282.56,9.0,14.0,4.0,395.0,231.86588
44,TylerLockett,SEA,WR,27.0,16.0,16.0,110.0,82.0,0.0,0.0,0.0,-5.0,0.0,4.0,1057.0,8.0,235.2,0.0,1.0,0.0,165.0,127.53294
45,DJChark,JAX,WR,23.0,15.0,14.0,118.0,73.0,0.0,0.0,0.0,20.0,0.0,2.0,1008.0,8.0,223.8,0.0,0.0,0.0,101.0,137.07501
46,KenyanDrake,2TM,RB,25.0,14.0,10.0,68.0,50.0,0.0,0.0,0.0,817.0,8.0,170.0,345.0,0.0,212.2,0.0,2.0,1.0,167.0,113.62433
47,PatrickMahomes,KAN,QB,24.0,14.0,14.0,0.0,0.0,4031.0,26.0,484.0,218.0,2.0,43.0,0.0,0.0,285.04,5.0,3.0,2.0,374.0,295.4639
48,PhillipLindsay,DEN,RB,25.0,16.0,16.0,48.0,35.0,0.0,0.0,0.0,1011.0,7.0,224.0,196.0,0.0,197.7,0.0,0.0,0.0,59.0,93.661674
49,KylerMurray,ARI,QB,22.0,16.0,16.0,0.0,0.0,3722.0,20.0,542.0,544.0,4.0,93.0,0.0,0.0,279.28,12.0,5.0,2.0,379.0,222.92181
50,CourtlandSutton,DEN,WR,24.0,16.0,14.0,124.0,72.0,38.0,0.0,1.0,17.0,0.0,3.0,1112.0,6.0,222.42,0.0,2.0,0.0,7.0,124.47807
51,StefonDiggs,MIN,WR,26.0,15.0,15.0,94.0,63.0,0.0,0.0,1.0,61.0,0.0,5.0,1130.0,6.0,212.1,0.0,4.0,3.0,202.0,133.4189
52,JohnBrown,BUF,WR,29.0,15.0,15.0,115.0,72.0,28.0,1.0,1.0,7.0,0.0,2.0,1060.0,6.0,219.82,0.0,0.0,0.0,64.0,109.03382
53,HunterHenry,LAC,TE,25.0,12.0,12.0,76.0,55.0,0.0,0.0,0.0,0.0,0.0,0.0,652.0,5.0,148.2,0.0,1.0,1.0,85.0,92.37393
54,MichaelGallup,DAL,WR,23.0,14.0,12.0,113.0,66.0,0.0,0.0,0.0,0.0,0.0,0.0,1107.0,6.0,212.7,0.0,0.0,0.0,114.0,125.282776
55,AaronRodgers,GNB,QB,36.0,16.0,16.0,0.0,0.0,4002.0,26.0,569.0,183.0,1.0,46.0,0.0,0.0,272.38000000000005,4.0,4.0,4.0,382.0,313.2072
56,TylerHigbee,LAR,TE,26.0,15.0,15.0,89.0,69.0,0.0,0.0,0.0,0.0,0.0,0.0,734.0,3.0,160.4,0.0,0.0,0.0,84.0,86.65745
57,DJMoore,CAR,WR,22.0,15.0,15.0,135.0,87.0,0.0,0.0,0.0,40.0,0.0,6.0,1175.0,4.0,230.5,0.0,2.0,1.0,146.0,134.03558
58,RobertWoods,LAR,WR,27.0,15.0,15.0,139.0,90.0,0.0,0.0,0.0,115.0,1.0,17.0,1134.0,2.0,232.9,0.0,0.0,0.0,155.0,105.335236
59,CarsonWentz,PHI,QB,27.0,16.0,16.0,0.0,0.0,4039.0,27.0,607.0,243.0,1.0,62.0,0.0,0.0,271.86,7.0,16.0,7.0,198.0,268.91623
60,RaheemMostert,SFO,RB,27.0,16.0,0.0,22.0,14.0,0.0,0.0,0.0,772.0,8.0,137.0,180.0,2.0,165.2,0.0,2.0,2.0,84.0,122.70124
61,DallasGoedert,PHI,TE,24.0,15.0,9.0,87.0,58.0,0.0,0.0,0.0,0.0,0.0,0.0,607.0,5.0,144.7,0.0,2.0,2.0,70.0,99.04418
62,LeVeonBell,NYJ,RB,27.0,15.0,15.0,78.0,66.0,0.0,0.0,0.0,789.0,3.0,245.0,461.0,1.0,213.0,0.0,1.0,1.0,59.0,96.27555
63,MikeGesicki,MIA,TE,24.0,16.0,5.0,89.0,51.0,0.0,0.0,0.0,0.0,0.0,0.0,570.0,5.0,136.0,0.0,1.0,1.0,106.0,88.04897
64,CalvinRidley,ATL,WR,25.0,13.0,10.0,93.0,63.0,0.0,0.0,0.0,34.0,0.0,2.0,866.0,7.0,195.0,0.0,0.0,0.0,192.0,112.1727
65,DavidMontgomery,CHI,RB,22.0,16.0,8.0,35.0,25.0,0.0,0.0,0.0,889.0,6.0,242.0,185.0,1.0,170.4,0.0,2.0,2.0,211.0,126.78433
66,TerryMcLaurin,WAS,WR,24.0,14.0,14.0,93.0,58.0,0.0,0.0,0.0,0.0,0.0,0.0,919.0,7.0,191.9,0.0,0.0,0.0,137.0,118.75768
67,TylerBoyd,CIN,WR,25.0,16.0,15.0,148.0,90.0,0.0,0.0,0.0,23.0,0.0,4.0,1046.0,5.0,222.9,0.0,2.0,2.0,114.0,129.24971
68,MattRyan,ATL,QB,34.0,15.0,15.0,0.0,0.0,4466.0,26.0,616.0,147.0,1.0,34.0,0.0,0.0,265.34,14.0,9.0,5.0,282.0,246.49065
69,DeeboSamuel,SFO,WR,23.0,15.0,11.0,81.0,57.0,0.0,0.0,0.0,159.0,3.0,14.0,802.0,3.0,187.1,0.0,2.0,1.0,48.0,95.78631
70,MarvinJones,DET,WR,29.0,13.0,11.0,91.0,62.0,0.0,0.0,0.0,0.0,0.0,2.0,779.0,9.0,193.9,0.0,0.0,0.0,152.0,114.775826
71,CarlosHyde,HOU,RB,29.0,16.0,14.0,16.0,10.0,0.0,0.0,0.0,1070.0,6.0,245.0,42.0,0.0,153.2,0.0,4.0,2.0,69.0,107.18728
72,TyreekHill,KAN,WR,25.0,12.0,12.0,89.0,58.0,0.0,0.0,0.0,23.0,0.0,8.0,860.0,7.0,188.3,0.0,0.0,0.0,242.0,112.26478
73,DavanteAdams,GNB,WR,27.0,12.0,12.0,127.0,83.0,0.0,0.0,0.0,0.0,0.0,0.0,997.0,5.0,210.7,0.0,2.0,1.0,243.0,110.77178
74,SonyMichel,NWE,RB,24.0,16.0,14.0,20.0,12.0,0.0,0.0,0.0,912.0,7.0,247.0,94.0,0.0,152.6,0.0,2.0,1.0,68.0,100.662796
75,TomBrady,NWE,QB,42.0,16.0,16.0,0.0,0.0,4057.0,24.0,613.0,34.0,3.0,26.0,0.0,0.0,261.67999999999995,8.0,4.0,1.0,338.0,303.9348
76,JasonWitten,DAL,TE,37.0,16.0,16.0,83.0,63.0,0.0,0.0,0.0,0.0,0.0,0.0,529.0,4.0,137.9,0.0,1.0,1.0,19.0,63.912327
77,MichaelBurton,WAS,0,27.0,10.0,2.0,1.0,0.0,0.0,0.0,0.0,0.0,0.0,0.0,0.0,0.0,0.0,0.0,0.0,0.0,5.0,10.873207
78,JaredGoff,LAR,QB,25.0,16.0,16.0,0.0,0.0,4638.0,22.0,626.0,40.0,2.0,33.0,0.0,0.0,247.52,16.0,10.0,5.0,240.0,197.5854
79,JimmyGaroppolo,SFO,QB,28.0,16.0,16.0,0.0,0.0,3978.0,27.0,476.0,62.0,1.0,46.0,0.0,0.0,243.32,13.0,10.0,5.0,64.0,213.14546
80,DerekCarr,OAK,QB,28.0,16.0,16.0,0.0,0.0,4054.0,21.0,513.0,82.0,2.0,27.0,0.0,0.0,244.36,8.0,7.0,3.0,272.0,238.20338
81,KirkCousins,MIN,QB,31.0,15.0,15.0,1.0,0.0,3603.0,26.0,444.0,63.0,1.0,31.0,0.0,0.0,242.42,6.0,10.0,3.0,306.0,259.12253
82,RyanFitzpatrick,MIA,QB,37.0,15.0,13.0,0.0,0.0,3529.0,20.0,502.0,243.0,4.0,54.0,0.0,0.0,239.46,13.0,9.0,2.0,153.0,213.35988
83,PhilipRivers,LAC,QB,38.0,16.0,16.0,0.0,0.0,4615.0,23.0,591.0,29.0,0.0,12.0,0.0,0.0,233.50000000000003,20.0,8.0,3.0,240.0,199.33476
84,BakerMayfield,CLE,QB,24.0,16.0,16.0,0.0,0.0,3827.0,22.0,534.0,141.0,3.0,28.0,0.0,0.0,227.18,21.0,6.0,2.0,248.0,153.5266
86,DrewBrees,NOR,QB,40.0,11.0,11.0,0.0,0.0,2979.0,27.0,378.0,-4.0,1.0,9.0,0.0,0.0,224.76,4.0,0.0,0.0,209.0,289.26312
87,RyanTannehill,TEN,QB,31.0,12.0,10.0,0.0,0.0,2742.0,22.0,286.0,185.0,4.0,43.0,0.0,0.0,222.18,6.0,6.0,3.0,343.0,211.72496
88,JacobyBrissett,IND,QB,27.0,15.0,15.0,1.0,1.0,2942.0,18.0,447.0,228.0,4.0,56.0,2.0,0.0,215.68,6.0,7.0,5.0,21.0,198.14473
89,DanielJones,NYG,QB,22.0,13.0,12.0,0.0,0.0,3027.0,24.0,459.0,279.0,2.0,45.0,0.0,0.0,210.98,12.0,18.0,11.0,180.0,204.06575
90,AndyDalton,CIN,QB,32.0,13.0,13.0,1.0,1.0,3494.0,16.0,528.0,73.0,4.0,32.0,-4.0,0.0,199.66,14.0,8.0,4.0,136.0,162.92134
91,MitchellTrubisky,CHI,QB,25.0,15.0,15.0,0.0,0.0,3138.0,17.0,516.0,193.0,2.0,48.0,0.0,0.0,200.82,10.0,5.0,2.0,154.0,181.00655
92,SamDarnold,NYJ,QB,22.0,13.0,13.0,0.0,0.0,3024.0,19.0,441.0,62.0,2.0,33.0,0.0,0.0,183.16,13.0,11.0,3.0,134.0,140.40474
93,KyleAllen,CAR,QB,23.0,13.0,12.0,0.0,0.0,3322.0,17.0,489.0,106.0,2.0,32.0,0.0,0.0,177.48,16.0,13.0,7.0,45.0,123.84254
94,MatthewStafford,DET,QB,31.0,8.0,8.0,0.0,0.0,2499.0,19.0,291.0,66.0,0.0,20.0,0.0,0.0,166.55999999999997,5.0,5.0,3.0,261.0,177.96951
95,DevontaFreeman,ATL,RB,27.0,14.0,14.0,70.0,59.0,0.0,0.0,0.0,656.0,2.0,184.0,410.0,4.0,197.6,0.0,3.0,2.0,29.0,107.26687
96,MelvinGordon,LAC,RB,26.0,12.0,11.0,55.0,42.0,0.0,0.0,0.0,612.0,8.0,162.0,296.0,1.0,180.8,0.0,4.0,3.0,166.0,126.32335
98,AdrianPeterson,WAS,RB,34.0,15.0,15.0,23.0,17.0,0.0,0.0,0.0,898.0,5.0,211.0,142.0,0.0,147.0,0.0,3.0,2.0,113.0,89.24593
99,DKMetcalf,SEA,WR,22.0,16.0,15.0,100.0,58.0,0.0,0.0,0.0,11.0,0.0,2.0,900.0,7.0,185.1,0.0,3.0,3.0,188.0,142.74258
100,JamesWhite,NWE,RB,27.0,15.0,1.0,95.0,72.0,35.0,0.0,1.0,263.0,1.0,67.0,645.0,5.0,198.2,0.0,1.0,1.0,68.0,98.93328
102,EmmanuelSanders,2TM,WR,32.0,17.0,16.0,97.0,66.0,35.0,1.0,1.0,0.0,0.0,0.0,869.0,5.0,188.3,0.0,0.0,0.0,104.0,86.18398
103,LataviusMurray,NOR,RB,29.0,16.0,8.0,43.0,34.0,0.0,0.0,0.0,637.0,5.0,146.0,235.0,1.0,157.2,0.0,0.0,0.0,113.0,70.86145
104,DariusSlayton,NYG,WR,22.0,14.0,9.0,84.0,48.0,0.0,0.0,0.0,0.0,0.0,0.0,740.0,8.0,170.0,0.0,0.0,0.0,91.0,120.27146
105,JamisonCrowder,NYJ,WR,26.0,16.0,12.0,122.0,78.0,0.0,0.0,0.0,4.0,0.0,1.0,833.0,6.0,197.7,0.0,0.0,0.0,113.0,107.83465
106,DevinSingletary,BUF,RB,22.0,12.0,8.0,41.0,29.0,0.0,0.0,0.0,775.0,2.0,151.0,194.0,2.0,147.9,0.0,4.0,1.0,106.0,100.22427
107,ColeBeasley,BUF,WR,30.0,15.0,10.0,106.0,67.0,0.0,0.0,0.0,0.0,0.0,0.0,778.0,6.0,180.8,0.0,0.0,0.0,126.0,89.65535
108,CurtisSamuel,CAR,WR,23.0,16.0,15.0,105.0,54.0,0.0,0.0,0.0,130.0,1.0,19.0,627.0,6.0,171.7,0.0,0.0,0.0,135.0,106.59336
109,TevinColeman,SFO,RB,26.0,14.0,11.0,30.0,21.0,0.0,0.0,0.0,544.0,6.0,137.0,180.0,1.0,135.4,0.0,0.0,0.0,9.0,63.144047
110,JamesConner,PIT,RB,24.0,10.0,10.0,38.0,34.0,0.0,0.0,0.0,464.0,4.0,116.0,251.0,3.0,145.5,0.0,1.0,1.0,130.0,84.26462
111,MikeWilliams,LAC,WR,25.0,15.0,15.0,90.0,49.0,0.0,0.0,0.0,2.0,0.0,1.0,1001.0,2.0,161.29999999999995,0.0,0.0,0.0,106.0,90.20991
113,RobbyAnderson,NYJ,WR,26.0,16.0,15.0,96.0,52.0,0.0,0.0,0.0,4.0,0.0,1.0,779.0,5.0,160.3,0.0,1.0,0.0,129.0,93.379234
114,ChrisConley,JAX,WR,27.0,16.0,14.0,90.0,47.0,0.0,0.0,0.0,0.0,0.0,0.0,775.0,5.0,154.5,0.0,0.0,0.0,57.0,87.16196
115,DukeJohnson,HOU,RB,26.0,16.0,2.0,62.0,44.0,0.0,0.0,0.0,410.0,2.0,83.0,410.0,3.0,154.0,0.0,1.0,1.0,56.0,80.81759
116,MasonRudolph,PIT,QB,24.0,10.0,8.0,0.0,0.0,1765.0,13.0,283.0,42.0,0.0,21.0,0.0,0.0,108.8,9.0,4.0,0.0,18.0,89.345436
117,JamaalWilliams,GNB,RB,24.0,14.0,2.0,45.0,39.0,0.0,0.0,0.0,460.0,1.0,107.0,253.0,5.0,146.3,0.0,0.0,0.0,96.0,84.79181
118,DavidJohnson,ARI,RB,28.0,13.0,9.0,47.0,36.0,0.0,0.0,0.0,345.0,2.0,94.0,370.0,4.0,141.5,0.0,1.0,1.0,147.0,68.93596
119,DiontaeJohnson,PIT,WR,23.0,16.0,12.0,92.0,59.0,0.0,0.0,0.0,41.0,0.0,4.0,680.0,5.0,157.1,0.0,5.0,2.0,134.0,112.00096
120,CaseKeenum,WAS,QB,31.0,10.0,8.0,0.0,0.0,1707.0,11.0,247.0,12.0,1.0,9.0,0.0,0.0,103.48,5.0,6.0,3.0,2.0,104.54839
121,GoldenTate,NYG,WR,31.0,11.0,10.0,85.0,49.0,0.0,0.0,0.0,16.0,0.0,1.0,676.0,6.0,152.2,0.0,1.0,1.0,52.0,83.957344
122,LarryFitzgerald,ARI,WR,36.0,16.0,16.0,109.0,75.0,0.0,0.0,0.0,0.0,0.0,0.0,804.0,4.0,177.4,0.0,1.0,1.0,47.0,73.006134
123,BreshadPerriman,TAM,WR,26.0,14.0,4.0,69.0,36.0,0.0,0.0,0.0,16.0,0.0,2.0,645.0,6.0,138.1,0.0,0.0,0.0,69.0,84.71897
124,PeytonBarber,TAM,RB,25.0,16.0,7.0,24.0,16.0,0.0,0.0,0.0,470.0,6.0,154.0,115.0,1.0,114.5,0.0,1.0,1.0,51.0,75.54672
125,JordanHoward,PHI,RB,25.0,10.0,4.0,14.0,10.0,0.0,0.0,0.0,525.0,6.0,119.0,69.0,1.0,111.4,0.0,0.0,0.0,30.0,70.544495
127,MarquiseBrown,BAL,WR,22.0,14.0,11.0,71.0,46.0,0.0,0.0,0.0,0.0,0.0,0.0,584.0,7.0,146.4,0.0,0.0,0.0,125.0,107.40119
128,RandallCobb,DAL,WR,29.0,15.0,6.0,83.0,55.0,0.0,0.0,1.0,11.0,0.0,3.0,828.0,3.0,154.9,0.0,2.0,1.0,62.0,72.70743
129,ChristianKirk,ARI,WR,23.0,13.0,13.0,108.0,68.0,0.0,0.0,0.0,93.0,0.0,10.0,709.0,3.0,166.20000000000005,0.0,0.0,0.0,98.0,98.26696
130,RoyceFreeman,DEN,RB,23.0,16.0,0.0,50.0,43.0,0.0,0.0,0.0,496.0,3.0,132.0,256.0,1.0,142.2,0.0,0.0,0.0,25.0,81.725494
131,MecoleHardman,KAN,WR,21.0,16.0,5.0,41.0,26.0,0.0,0.0,0.0,17.0,0.0,4.0,538.0,6.0,113.5,0.0,2.0,2.0,87.0,99.4822
132,ZachPascal,IND,WR,25.0,16.0,13.0,72.0,41.0,0.0,0.0,1.0,16.0,0.0,2.0,607.0,5.0,133.29999999999998,0.0,0.0,0.0,93.0,84.200615
133,LeSeanMcCoy,KAN,RB,31.0,13.0,9.0,34.0,28.0,0.0,0.0,0.0,465.0,4.0,101.0,181.0,1.0,118.6,0.0,3.0,2.0,13.0,67.50892
134,DedeWestbrook,JAX,WR,26.0,15.0,11.0,101.0,66.0,0.0,0.0,0.0,27.0,0.0,5.0,660.0,3.0,152.7,0.0,1.0,0.0,-2.0,79.91978
135,TeddyBridgewater,NOR,QB,27.0,9.0,5.0,0.0,0.0,1384.0,9.0,196.0,31.0,0.0,28.0,0.0,0.0,90.46,2.0,1.0,0.0,241.0,106.420876
136,JamesWashington,PIT,WR,23.0,15.0,10.0,80.0,44.0,0.0,0.0,0.0,0.0,0.0,0.0,735.0,3.0,133.5,0.0,1.0,1.0,69.0,86.66753
137,SammyWatkins,KAN,WR,26.0,14.0,13.0,90.0,52.0,0.0,0.0,0.0,12.0,0.0,2.0,673.0,3.0,136.5,0.0,2.0,1.0,50.0,79.20791
138,GusEdwards,BAL,RB,24.0,16.0,1.0,7.0,7.0,0.0,0.0,0.0,711.0,2.0,133.0,45.0,0.0,92.6,0.0,2.0,1.0,119.0,74.753044
139,DeAndreWashington,OAK,RB,26.0,16.0,3.0,41.0,36.0,0.0,0.0,0.0,387.0,3.0,108.0,292.0,0.0,121.9,0.0,0.0,0.0,12.0,57.41298
140,TarikCohen,CHI,RB,24.0,16.0,11.0,104.0,79.0,0.0,0.0,0.0,213.0,0.0,64.0,456.0,3.0,163.9,0.0,3.0,0.0,12.0,83.67844
141,JoeFlacco,DEN,QB,34.0,8.0,8.0,0.0,0.0,1822.0,6.0,262.0,20.0,0.0,12.0,0.0,0.0,82.88,5.0,8.0,3.0,55.0,85.4685
142,WillFuller,HOU,WR,25.0,11.0,11.0,71.0,49.0,0.0,0.0,0.0,0.0,0.0,0.0,670.0,3.0,134.0,0.0,1.0,0.0,136.0,77.60747
143,MarcusMariota,TEN,QB,26.0,7.0,6.0,0.0,0.0,1203.0,7.0,160.0,129.0,0.0,24.0,0.0,0.0,85.02000000000002,2.0,3.0,0.0,26.0,83.87263
144,HunterRenfrow,OAK,WR,24.0,13.0,4.0,71.0,49.0,0.0,0.0,0.0,0.0,0.0,0.0,605.0,4.0,133.5,0.0,1.0,0.0,76.0,79.21838
145,SterlingShepard,NYG,WR,26.0,10.0,10.0,83.0,57.0,0.0,0.0,0.0,72.0,0.0,6.0,576.0,3.0,139.79999999999998,0.0,0.0,0.0,97.0,74.51299
146,MattBreida,SFO,RB,24.0,13.0,5.0,22.0,19.0,0.0,0.0,0.0,623.0,1.0,123.0,120.0,1.0,103.3,0.0,2.0,1.0,33.0,67.316124
147,AdamThielen,MIN,WR,29.0,10.0,10.0,48.0,30.0,0.0,0.0,0.0,6.0,1.0,4.0,418.0,6.0,114.4,0.0,0.0,0.0,180.0,77.072426
148,TaysomHill,NOR,QB,29.0,16.0,5.0,22.0,19.0,55.0,0.0,6.0,156.0,1.0,27.0,234.0,6.0,102.2,0.0,0.0,0.0,149.0,72.13877
149,FrankGore,BUF,RB,36.0,16.0,8.0,16.0,13.0,0.0,0.0,0.0,599.0,2.0,166.0,100.0,0.0,94.9,0.0,0.0,0.0,84.0,64.222725
150,TYHilton,IND,WR,30.0,10.0,10.0,68.0,45.0,0.0,0.0,0.0,0.0,0.0,0.0,501.0,5.0,125.1,0.0,0.0,0.0,108.0,72.079094
151,KennyStills,HOU,WR,27.0,13.0,5.0,55.0,40.0,0.0,0.0,0.0,0.0,0.0,0.0,561.0,4.0,120.1,0.0,0.0,0.0,20.0,65.31526
152,DannyAmendola,DET,WR,34.0,15.0,10.0,97.0,62.0,19.0,1.0,1.0,0.0,0.0,0.0,678.0,1.0,140.56,0.0,0.0,0.0,60.0,60.87536
153,AlshonJeffery,PHI,WR,29.0,10.0,10.0,73.0,43.0,0.0,0.0,0.0,2.0,1.0,1.0,490.0,4.0,122.2,0.0,0.0,0.0,18.0,65.06779
154,DwayneHaskins,WAS,QB,22.0,9.0,7.0,0.0,0.0,1365.0,7.0,203.0,101.0,0.0,20.0,0.0,0.0,74.69999999999997,7.0,6.0,2.0,68.0,46.075768
155,BrandinCooks,LAR,WR,26.0,14.0,14.0,72.0,42.0,0.0,0.0,0.0,52.0,0.0,6.0,583.0,2.0,117.5,0.0,0.0,0.0,151.0,66.19993
156,DarrenFells,HOU,TE,33.0,16.0,14.0,48.0,34.0,0.0,0.0,0.0,0.0,0.0,0.0,341.0,7.0,110.1,0.0,0.0,0.0,55.0,78.30932
157,AnthonyMiller,CHI,WR,25.0,16.0,7.0,85.0,52.0,0.0,0.0,0.0,-1.0,0.0,1.0,656.0,2.0,127.5,0.0,1.0,1.0,60.0,73.0292
158,StevenSims,WAS,WR,22.0,16.0,2.0,56.0,34.0,0.0,0.0,1.0,85.0,1.0,9.0,310.0,4.0,103.5,0.0,1.0,0.0,30.0,73.020905
159,KerryonJohnson,DET,RB,22.0,8.0,7.0,15.0,10.0,0.0,0.0,0.0,403.0,3.0,113.0,127.0,1.0,85.0,0.0,1.0,1.0,53.0,64.70255
160,KyleRudolph,MIN,TE,30.0,16.0,16.0,48.0,39.0,0.0,0.0,0.0,0.0,0.0,0.0,367.0,6.0,111.7,0.0,0.0,0.0,37.0,71.84629
161,RexBurkhead,NWE,RB,29.0,13.0,1.0,38.0,27.0,0.0,0.0,0.0,302.0,3.0,65.0,279.0,0.0,101.1,0.0,1.0,1.0,83.0,56.923103
162,NyheimHines,IND,RB,23.0,16.0,2.0,58.0,44.0,0.0,0.0,0.0,199.0,2.0,52.0,320.0,0.0,105.9,0.0,1.0,1.0,130.0,68.4065
163,TonyPollard,DAL,RB,22.0,15.0,0.0,20.0,15.0,0.0,0.0,0.0,455.0,2.0,86.0,107.0,1.0,87.2,0.0,1.0,1.0,93.0,70.53216
164,BostonScott,PHI,RB,24.0,11.0,2.0,26.0,24.0,0.0,0.0,0.0,245.0,5.0,61.0,204.0,0.0,96.9,0.0,4.0,1.0,71.0,73.392136
165,CoreyDavis,TEN,WR,24.0,15.0,11.0,69.0,43.0,0.0,0.0,0.0,0.0,0.0,0.0,601.0,2.0,115.1,0.0,1.0,0.0,126.0,71.04928
167,GregOlsen,CAR,TE,34.0,14.0,14.0,82.0,52.0,0.0,0.0,0.0,0.0,0.0,0.0,597.0,2.0,123.7,0.0,0.0,0.0,30.0,54.476044
168,ChaseEdmonds,ARI,RB,23.0,13.0,2.0,21.0,12.0,0.0,0.0,0.0,303.0,4.0,60.0,105.0,1.0,82.8,0.0,0.0,0.0,115.0,53.486122
169,NoahFant,DEN,TE,22.0,16.0,11.0,66.0,40.0,0.0,0.0,0.0,-12.0,0.0,3.0,562.0,3.0,111.0,0.0,1.0,1.0,87.0,82.120094
170,JuJuSmithSchuster,PIT,WR,23.0,12.0,12.0,70.0,42.0,0.0,0.0,0.0,0.0,0.0,0.0,552.0,3.0,113.2,0.0,1.0,1.0,137.0,81.39489
171,JonnuSmith,TEN,TE,24.0,16.0,14.0,44.0,35.0,0.0,0.0,0.0,78.0,0.0,4.0,439.0,3.0,104.7,0.0,0.0,0.0,99.0,65.40803
172,JackDoyle,IND,TE,29.0,16.0,16.0,72.0,43.0,0.0,0.0,0.0,0.0,0.0,0.0,448.0,4.0,111.8,0.0,1.0,0.0,41.0,60.72902
173,DemarcusRobinson,KAN,WR,25.0,16.0,10.0,55.0,32.0,0.0,0.0,0.0,0.0,0.0,0.0,449.0,4.0,100.9,0.0,0.0,0.0,63.0,65.70415
174,KendrickBourne,SFO,WR,24.0,16.0,0.0,44.0,30.0,0.0,0.0,0.0,0.0,0.0,0.0,358.0,5.0,95.8,0.0,0.0,0.0,81.0,73.07144
175,AllenLazard,GNB,WR,24.0,16.0,3.0,52.0,35.0,0.0,0.0,0.0,21.0,0.0,1.0,477.0,3.0,102.8,0.0,0.0,0.0,65.0,64.41898
176,DrewLock,DEN,QB,23.0,5.0,5.0,0.0,0.0,1020.0,7.0,156.0,72.0,0.0,18.0,0.0,0.0,68.0,3.0,3.0,1.0,181.0,61.009003
177,RashaadPenny,SEA,RB,23.0,10.0,0.0,11.0,8.0,0.0,0.0,0.0,370.0,3.0,65.0,83.0,1.0,75.3,0.0,1.0,1.0,3.0,62.422325
178,JohnRoss,CIN,WR,25.0,8.0,8.0,56.0,28.0,0.0,0.0,0.0,4.0,0.0,3.0,506.0,3.0,95.0,0.0,1.0,1.0,2.0,65.1729
179,EvanEngram,NYG,TE,25.0,8.0,6.0,68.0,44.0,0.0,0.0,0.0,7.0,0.0,3.0,467.0,3.0,109.4,0.0,0.0,0.0,78.0,66.99311
180,MohamedSanu,2TM,WR,30.0,15.0,12.0,89.0,59.0,0.0,0.0,0.0,11.0,0.0,3.0,520.0,2.0,124.1,0.0,0.0,0.0,27.0,54.61126
181,TylerEifert,CIN,TE,29.0,16.0,4.0,63.0,43.0,0.0,0.0,0.0,0.0,0.0,0.0,436.0,3.0,104.6,0.0,0.0,0.0,47.0,55.45328
182,RyanGriffin,NYJ,TE,29.0,13.0,13.0,41.0,34.0,0.0,0.0,0.0,0.0,0.0,0.0,320.0,5.0,96.0,0.0,0.0,0.0,9.0,61.580784
183,KareemHunt,CLE,RB,24.0,8.0,3.0,44.0,37.0,0.0,0.0,0.0,179.0,2.0,43.0,285.0,1.0,101.4,0.0,1.0,0.0,181.0,55.824368
184,WillieSnead,BAL,WR,27.0,16.0,11.0,46.0,31.0,0.0,0.0,0.0,2.0,0.0,2.0,339.0,5.0,95.1,0.0,0.0,0.0,61.0,61.267227
185,JimmyGraham,GNB,TE,33.0,16.0,10.0,60.0,38.0,0.0,0.0,0.0,0.0,0.0,0.0,447.0,3.0,100.7,0.0,1.0,0.0,94.0,48.96041
186,AudenTate,CIN,WR,22.0,12.0,10.0,80.0,40.0,0.0,0.0,0.0,0.0,0.0,0.0,575.0,1.0,101.5,0.0,1.0,1.0,15.0,77.090324
188,PrestonWilliams,MIA,WR,22.0,8.0,7.0,60.0,32.0,0.0,0.0,0.0,0.0,0.0,0.0,428.0,3.0,90.8,0.0,2.0,1.0,57.0,74.5943
189,AlexanderMattison,MIN,RB,21.0,13.0,0.0,12.0,10.0,0.0,0.0,0.0,462.0,1.0,100.0,82.0,0.0,68.4,0.0,1.0,1.0,74.0,64.922134
190,MarquezValdesScantling,GNB,WR,25.0,16.0,10.0,56.0,26.0,0.0,0.0,0.0,9.0,0.0,2.0,452.0,2.0,84.10000000000002,0.0,0.0,0.0,104.0,52.99102
191,MalcolmBrown,LAR,RB,26.0,14.0,1.0,6.0,2.0,0.0,0.0,0.0,255.0,5.0,69.0,16.0,0.0,59.1,0.0,0.0,0.0,86.0,46.445
192,JeffDriskel,DET,QB,26.0,3.0,3.0,1.0,1.0,685.0,4.0,105.0,151.0,1.0,22.0,6.0,0.0,58.1,4.0,1.0,0.0,30.0,39.648148
193,BrianHill,ATL,RB,24.0,12.0,2.0,14.0,10.0,0.0,0.0,0.0,323.0,2.0,78.0,69.0,1.0,67.19999999999999,0.0,0.0,0.0,70.0,42.20968
194,JaylenSamuels,PIT,RB,23.0,14.0,4.0,57.0,47.0,35.0,0.0,5.0,175.0,1.0,66.0,305.0,1.0,104.4,1.0,1.0,1.0,7.0,55.739586
196,EricEbron,IND,TE,26.0,11.0,2.0,52.0,31.0,0.0,0.0,0.0,0.0,0.0,0.0,375.0,3.0,86.5,0.0,0.0,0.0,86.0,55.280823
198,NelsonAgholor,PHI,WR,26.0,11.0,10.0,69.0,39.0,0.0,0.0,0.0,7.0,0.0,2.0,363.0,3.0,92.0,0.0,2.0,1.0,138.0,61.431213
199,CameronBrate,TAM,TE,28.0,16.0,6.0,55.0,36.0,0.0,0.0,0.0,0.0,0.0,0.0,311.0,4.0,91.1,0.0,0.0,0.0,40.0,53.48572
200,KeelanCole,JAX,WR,26.0,16.0,1.0,35.0,24.0,0.0,0.0,0.0,6.0,0.0,1.0,361.0,3.0,78.69999999999997,0.0,0.0,0.0,100.0,52.408867
201,BlakeJarwin,DAL,TE,25.0,16.0,7.0,41.0,31.0,0.0,0.0,0.0,0.0,0.0,0.0,365.0,3.0,85.5,0.0,1.0,0.0,1.0,51.250267
203,JordanAkins,HOU,TE,27.0,16.0,9.0,55.0,36.0,0.0,0.0,0.0,0.0,0.0,0.0,418.0,2.0,89.8,0.0,0.0,0.0,47.0,46.689377
204,DavidBlough,DET,QB,24.0,5.0,5.0,1.0,1.0,984.0,4.0,174.0,31.0,0.0,8.0,19.0,1.0,55.36,6.0,1.0,0.0,2.0,33.180153
206,AlexErickson,CIN,WR,27.0,16.0,6.0,78.0,43.0,26.0,0.0,1.0,33.0,0.0,5.0,529.0,0.0,96.24,0.0,4.0,2.0,11.0,62.888252
207,GeraldEverett,LAR,TE,25.0,13.0,2.0,60.0,37.0,0.0,0.0,0.0,0.0,0.0,1.0,408.0,2.0,89.8,0.0,0.0,0.0,52.0,57.239807
208,JacobHollister,SEA,TE,26.0,11.0,3.0,59.0,41.0,0.0,0.0,0.0,0.0,0.0,0.0,349.0,3.0,93.9,0.0,0.0,0.0,41.0,57.09595
209,TreQuanSmith,NOR,WR,23.0,11.0,6.0,25.0,18.0,0.0,0.0,0.0,0.0,0.0,0.0,234.0,5.0,71.4,0.0,0.0,0.0,69.0,61.009575
210,DarrelWilliams,KAN,RB,24.0,12.0,0.0,19.0,15.0,0.0,0.0,0.0,141.0,3.0,41.0,167.0,1.0,67.80000000000001,0.0,1.0,1.0,37.0,52.377655
212,DawsonKnox,BUF,TE,23.0,15.0,11.0,50.0,28.0,0.0,0.0,0.0,9.0,0.0,1.0,388.0,2.0,79.7,0.0,0.0,0.0,43.0,58.910484
213,ChrisThompson,WAS,RB,29.0,11.0,0.0,58.0,42.0,0.0,0.0,0.0,138.0,0.0,37.0,378.0,0.0,93.6,0.0,1.0,0.0,23.0,50.14711
214,WillDissly,SEA,TE,23.0,6.0,6.0,27.0,23.0,0.0,0.0,0.0,7.0,0.0,1.0,262.0,4.0,73.9,0.0,1.0,0.0,37.0,58.310448
216,RussellGage,ATL,WR,23.0,16.0,4.0,74.0,49.0,0.0,0.0,0.0,12.0,0.0,4.0,446.0,1.0,98.8,0.0,1.0,1.0,109.0,70.85009
218,OJHoward,TAM,TE,25.0,14.0,14.0,53.0,34.0,0.0,0.0,0.0,0.0,0.0,0.0,459.0,1.0,83.9,0.0,1.0,1.0,27.0,54.738785
219,AdamHumphries,TEN,WR,26.0,12.0,3.0,47.0,37.0,0.0,0.0,0.0,1.0,0.0,1.0,374.0,2.0,86.5,0.0,1.0,0.0,35.0,49.49992
220,JDMcKissic,DET,RB,26.0,16.0,3.0,42.0,34.0,0.0,0.0,0.0,205.0,0.0,38.0,233.0,1.0,83.8,0.0,0.0,0.0,111.0,42.378273
221,TJHockenson,DET,TE,22.0,12.0,7.0,59.0,32.0,0.0,0.0,0.0,0.0,0.0,0.0,367.0,2.0,80.7,0.0,0.0,0.0,108.0,63.1321
223,OlabisiJohnson,MIN,WR,22.0,16.0,6.0,45.0,31.0,0.0,0.0,0.0,6.0,0.0,1.0,294.0,3.0,79.0,0.0,0.0,0.0,21.0,60.31112
224,MikeBoone,MIN,RB,24.0,16.0,2.0,4.0,3.0,0.0,0.0,0.0,273.0,3.0,49.0,17.0,0.0,50.0,0.0,0.0,0.0,13.0,34.27557
226,HaydenHurst,BAL,TE,26.0,16.0,4.0,39.0,30.0,0.0,0.0,0.0,0.0,0.0,0.0,349.0,2.0,76.9,0.0,0.0,0.0,93.0,45.294186
227,FosterMoreau,OAK,TE,22.0,13.0,7.0,25.0,21.0,0.0,0.0,0.0,0.0,0.0,0.0,174.0,5.0,68.4,0.0,0.0,0.0,26.0,61.724
228,JalenRichard,OAK,RB,26.0,16.0,0.0,43.0,36.0,0.0,0.0,0.0,145.0,0.0,39.0,323.0,0.0,82.8,0.0,2.0,0.0,32.0,48.95276
229,JordanWilkins,IND,RB,25.0,14.0,1.0,11.0,7.0,0.0,0.0,0.0,307.0,2.0,51.0,43.0,0.0,54.0,0.0,0.0,0.0,49.0,34.16456
230,VanceMcDonald,PIT,TE,29.0,14.0,14.0,55.0,38.0,0.0,0.0,0.0,2.0,0.0,1.0,273.0,3.0,83.5,0.0,1.0,0.0,10.0,44.607433
232,PatrickLaird,MIA,RB,24.0,15.0,4.0,30.0,23.0,0.0,0.0,0.0,168.0,1.0,62.0,204.0,0.0,66.2,0.0,0.0,0.0,12.0,35.403496
234,KadenSmith,NYG,TE,22.0,9.0,6.0,42.0,31.0,0.0,0.0,0.0,0.0,0.0,0.0,268.0,3.0,75.8,0.0,2.0,0.0,11.0,59.169197
235,NickBoyle,BAL,TE,26.0,16.0,15.0,43.0,31.0,0.0,0.0,0.0,0.0,0.0,0.0,321.0,2.0,75.1,0.0,0.0,0.0,23.0,45.992996
236,JeffWilson,SFO,RB,24.0,10.0,0.0,5.0,3.0,0.0,0.0,0.0,105.0,4.0,27.0,34.0,1.0,46.9,0.0,0.0,0.0,129.0,37.9758
237,DavidMoore,SEA,WR,24.0,14.0,1.0,34.0,17.0,0.0,0.0,0.0,25.0,0.0,3.0,301.0,2.0,59.6,0.0,2.0,1.0,84.0,48.213745
238,IrvSmithJr,MIN,TE,21.0,16.0,7.0,47.0,36.0,0.0,0.0,0.0,0.0,0.0,0.0,311.0,2.0,79.1,0.0,1.0,0.0,69.0,63.18154
240,JusticeHill,BAL,RB,22.0,16.0,0.0,15.0,8.0,0.0,0.0,0.0,225.0,2.0,58.0,70.0,0.0,49.5,0.0,0.0,0.0,8.0,41.530037
243,BoScarbrough,DET,RB,23.0,6.0,5.0,4.0,1.0,0.0,0.0,0.0,377.0,1.0,89.0,5.0,0.0,43.2,0.0,1.0,1.0,3.0,41.71855
245,JoshHill,NOR,TE,29.0,16.0,11.0,35.0,25.0,0.0,0.0,0.0,0.0,0.0,0.0,226.0,3.0,65.6,0.0,0.0,0.0,11.0,36.17799
246,DionLewis,TEN,RB,29.0,16.0,1.0,32.0,25.0,0.0,0.0,0.0,209.0,0.0,54.0,164.0,1.0,66.3,0.0,1.0,1.0,38.0,41.60375
247,JoshReynolds,LAR,WR,24.0,16.0,2.0,43.0,21.0,0.0,0.0,0.0,23.0,0.0,5.0,326.0,1.0,61.9,0.0,0.0,0.0,72.0,44.841984
248,DamiereByrd,ARI,WR,26.0,11.0,3.0,46.0,32.0,0.0,0.0,0.0,0.0,0.0,0.0,359.0,1.0,71.9,0.0,1.0,1.0,68.0,46.346203
249,MarcusJohnson,IND,WR,25.0,8.0,6.0,33.0,17.0,0.0,0.0,0.0,0.0,0.0,0.0,277.0,2.0,56.7,0.0,0.0,0.0,26.0,38.286247
250,DareOgunbowale,TAM,RB,25.0,16.0,0.0,46.0,35.0,0.0,0.0,0.0,17.0,2.0,11.0,286.0,0.0,75.3,0.0,2.0,1.0,20.0,53.035526
251,SethRoberts,BAL,WR,28.0,16.0,0.0,35.0,21.0,0.0,0.0,0.0,0.0,0.0,0.0,271.0,2.0,60.1,0.0,0.0,0.0,3.0,43.792194
252,KalenBallage,MIA,RB,24.0,12.0,6.0,24.0,14.0,0.0,0.0,0.0,135.0,3.0,74.0,63.0,0.0,51.8,0.0,0.0,0.0,65.0,27.59349
253,GiovaniBernard,CIN,RB,28.0,16.0,2.0,43.0,30.0,0.0,0.0,0.0,170.0,0.0,53.0,234.0,0.0,68.4,0.0,2.0,1.0,111.0,42.66141
254,MilesBoykin,BAL,WR,23.0,16.0,11.0,22.0,13.0,0.0,0.0,0.0,0.0,0.0,0.0,198.0,3.0,50.8,0.0,0.0,0.0,51.0,43.0919
255,NickFoles,JAX,QB,30.0,4.0,4.0,0.0,0.0,736.0,3.0,117.0,23.0,0.0,4.0,0.0,0.0,35.73999999999999,2.0,2.0,2.0,104.0,47.251465
257,WayneGallman,NYG,RB,25.0,10.0,2.0,15.0,11.0,0.0,0.0,0.0,110.0,2.0,29.0,102.0,1.0,48.2,0.0,1.0,1.0,116.0,35.92228
260,DaeSeanHamilton,DEN,WR,24.0,16.0,2.0,52.0,28.0,0.0,0.0,0.0,0.0,0.0,0.0,297.0,1.0,63.7,0.0,0.0,0.0,39.0,48.63553
261,TyJohnson,DET,RB,22.0,16.0,1.0,31.0,24.0,0.0,0.0,0.0,273.0,0.0,63.0,109.0,0.0,60.2,0.0,1.0,1.0,47.0,54.522655
262,IsaiahMcKenzie,BUF,WR,24.0,15.0,8.0,39.0,27.0,0.0,0.0,0.0,49.0,0.0,8.0,254.0,1.0,63.3,0.0,0.0,0.0,70.0,39.499763
263,JakobiMeyers,NWE,WR,23.0,15.0,1.0,41.0,26.0,0.0,0.0,0.0,0.0,0.0,0.0,359.0,0.0,61.9,0.0,0.0,0.0,84.0,49.98623
264,CJUzomah,CIN,TE,26.0,16.0,16.0,40.0,27.0,0.0,0.0,0.0,0.0,0.0,0.0,242.0,2.0,63.2,0.0,0.0,0.0,15.0,42.557358
265,DemetriusHarris,CLE,TE,28.0,15.0,6.0,27.0,15.0,0.0,0.0,0.0,0.0,0.0,0.0,149.0,3.0,47.9,0.0,0.0,0.0,5.0,31.99218
266,JonathanWilliams,IND,RB,25.0,9.0,1.0,5.0,5.0,0.0,0.0,0.0,235.0,1.0,49.0,59.0,0.0,40.4,0.0,0.0,0.0,1.0,25.758905
269,BrandonAllen,DEN,QB,27.0,3.0,3.0,0.0,0.0,515.0,3.0,84.0,39.0,0.0,10.0,0.0,0.0,32.5,2.0,0.0,0.0,50.0,34.999653
270,MarvinHall,DET,WR,26.0,9.0,0.0,11.0,7.0,0.0,0.0,0.0,7.0,0.0,1.0,261.0,1.0,39.8,0.0,0.0,0.0,42.0,29.31404
273,VyncintSmith,NYJ,WR,23.0,13.0,4.0,31.0,17.0,0.0,0.0,0.0,52.0,1.0,3.0,225.0,0.0,48.7,0.0,1.0,1.0,1.0,38.41899
274,GregWard,PHI,WR,24.0,7.0,3.0,40.0,28.0,0.0,0.0,0.0,5.0,0.0,1.0,254.0,1.0,59.9,0.0,0.0,0.0,80.0,44.32679
275,PharohCooper,2TM,WR,24.0,13.0,1.0,33.0,25.0,0.0,0.0,0.0,2.0,0.0,1.0,243.0,1.0,55.5,0.0,0.0,0.0,7.0,40.94921
276,KekeCoutee,HOU,WR,22.0,9.0,4.0,36.0,22.0,0.0,0.0,0.0,14.0,1.0,2.0,254.0,0.0,52.8,0.0,1.0,1.0,54.0,46.080276
277,KyleJuszczyk,SFO,RB,28.0,12.0,12.0,24.0,20.0,0.0,0.0,0.0,7.0,0.0,3.0,239.0,1.0,50.6,0.0,0.0,0.0,63.0,27.497467
282,JeremySprinkle,WAS,TE,25.0,16.0,13.0,40.0,26.0,0.0,0.0,0.0,0.0,0.0,0.0,241.0,1.0,56.1,0.0,1.0,0.0,1.0,37.000946
284,DeSeanJackson,PHI,WR,33.0,3.0,3.0,10.0,9.0,0.0,0.0,0.0,0.0,0.0,0.0,159.0,2.0,36.9,0.0,0.0,0.0,31.0,46.390118
285,JakeKumerow,GNB,WR,27.0,14.0,4.0,21.0,12.0,0.0,0.0,0.0,0.0,0.0,0.0,219.0,1.0,39.9,0.0,0.0,0.0,8.0,24.029802
286,ScottMiller,TAM,WR,22.0,10.0,2.0,26.0,13.0,0.0,0.0,0.0,16.0,0.0,2.0,200.0,1.0,40.6,0.0,0.0,0.0,70.0,37.140175
287,JustinWatson,TAM,WR,24.0,16.0,2.0,26.0,15.0,0.0,0.0,0.0,0.0,0.0,0.0,159.0,2.0,42.9,0.0,0.0,0.0,9.0,35.420815
288,JakeemGrant,MIA,WR,27.0,10.0,2.0,33.0,19.0,0.0,0.0,0.0,5.0,1.0,4.0,164.0,0.0,39.9,0.0,2.0,1.0,51.0,32.44892
289,NKealHarry,NWE,WR,22.0,7.0,5.0,24.0,12.0,0.0,0.0,0.0,49.0,0.0,5.0,105.0,2.0,39.4,0.0,0.0,0.0,41.0,37.01217
290,JamesOShaughnessy,JAX,TE,27.0,5.0,5.0,20.0,14.0,0.0,0.0,0.0,0.0,0.0,0.0,153.0,2.0,41.3,0.0,0.0,0.0,26.0,32.099148
292,ChaseDaniel,CHI,QB,33.0,3.0,1.0,0.0,0.0,435.0,3.0,64.0,6.0,0.0,6.0,0.0,0.0,26.0,2.0,0.0,0.0,12.0,50.639114
293,AnthonyFirkser,TEN,TE,24.0,15.0,1.0,24.0,14.0,0.0,0.0,0.0,0.0,0.0,0.0,204.0,1.0,40.4,0.0,0.0,0.0,45.0,32.816628
294,IsaiahFord,MIA,WR,23.0,8.0,0.0,35.0,23.0,0.0,0.0,0.0,11.0,0.0,1.0,244.0,0.0,48.5,0.0,0.0,0.0,28.0,44.10411
296,DontrellHilliard,CLE,RB,24.0,14.0,0.0,15.0,12.0,0.0,0.0,0.0,49.0,2.0,13.0,92.0,0.0,38.1,0.0,2.0,0.0,5.0,29.819109
297,AndyIsabella,ARI,WR,23.0,15.0,1.0,13.0,9.0,0.0,0.0,0.0,15.0,0.0,4.0,189.0,1.0,35.4,0.0,0.0,0.0,34.0,30.327864
300,DamionRatley,CLE,WR,24.0,13.0,3.0,24.0,12.0,0.0,0.0,0.0,0.0,0.0,0.0,200.0,1.0,38.0,0.0,0.0,0.0,6.0,28.712008
301,MaxxWilliams,ARI,TE,25.0,16.0,10.0,19.0,15.0,0.0,0.0,0.0,0.0,0.0,0.0,202.0,1.0,41.2,0.0,0.0,0.0,16.0,25.014387
302,DanArnold,2TM,TE,24.0,5.0,1.0,14.0,8.0,0.0,0.0,0.0,0.0,0.0,0.0,127.0,2.0,32.7,0.0,0.0,0.0,66.0,34.19027
303,RyanFinley,CIN,QB,25.0,3.0,3.0,0.0,0.0,474.0,2.0,87.0,77.0,0.0,10.0,0.0,0.0,24.66,2.0,4.0,3.0,19.0,40.64673
304,KeeSeanJohnson,ARI,WR,23.0,10.0,4.0,42.0,21.0,0.0,0.0,0.0,3.0,0.0,1.0,187.0,1.0,44.0,0.0,1.0,1.0,17.0,41.69724
305,CordarrellePatterson,CHI,WR,28.0,16.0,4.0,17.0,11.0,0.0,0.0,0.0,103.0,0.0,17.0,83.0,0.0,29.6,0.0,0.0,0.0,48.0,19.411812
306,ItoSmith,ATL,RB,24.0,7.0,0.0,14.0,11.0,0.0,0.0,0.0,106.0,1.0,22.0,87.0,0.0,36.3,0.0,0.0,0.0,40.0,28.654985
307,JavonWims,CHI,WR,25.0,16.0,6.0,39.0,18.0,0.0,0.0,0.0,0.0,0.0,0.0,186.0,1.0,42.6,0.0,0.0,0.0,11.0,29.255476
308,AmeerAbdullah,MIN,RB,26.0,16.0,0.0,21.0,15.0,0.0,0.0,0.0,115.0,0.0,23.0,88.0,1.0,39.3,0.0,1.0,1.0,22.0,32.94732
309,MylesGaskin,MIA,RB,22.0,7.0,0.0,12.0,7.0,0.0,0.0,0.0,133.0,1.0,36.0,51.0,0.0,31.4,0.0,0.0,0.0,123.0,31.97933
310,DantePettis,SFO,WR,24.0,11.0,4.0,24.0,11.0,16.0,0.0,1.0,0.0,0.0,0.0,109.0,2.0,34.54,0.0,0.0,0.0,12.0,28.0617
311,LaquonTreadwell,MIN,WR,24.0,13.0,1.0,16.0,9.0,0.0,0.0,0.0,0.0,0.0,0.0,184.0,1.0,33.4,0.0,0.0,0.0,17.0,27.433603
312,OlamideZaccheaus,ATL,WR,22.0,10.0,0.0,5.0,3.0,0.0,0.0,0.0,0.0,0.0,0.0,115.0,1.0,20.5,0.0,0.0,0.0,33.0,27.903097
313,JJArcegaWhiteside,PHI,WR,23.0,16.0,5.0,22.0,10.0,0.0,0.0,0.0,0.0,0.0,0.0,169.0,1.0,32.9,0.0,0.0,0.0,17.0,27.768652
314,ReggieBonnafon,CAR,RB,23.0,16.0,0.0,9.0,6.0,0.0,0.0,0.0,116.0,1.0,16.0,57.0,0.0,29.3,0.0,0.0,0.0,15.0,27.203459
316,BennieFowler,NYG,WR,28.0,8.0,2.0,36.0,23.0,0.0,0.0,0.0,20.0,0.0,1.0,193.0,0.0,44.3,0.0,0.0,0.0,1.0,30.977064
317,ByronPringle,KAN,WR,26.0,16.0,0.0,16.0,12.0,0.0,0.0,0.0,0.0,0.0,0.0,170.0,1.0,35.0,0.0,0.0,0.0,28.0,30.215353
318,DarwinThompson,KAN,RB,23.0,12.0,0.0,10.0,9.0,0.0,0.0,0.0,128.0,1.0,37.0,43.0,0.0,32.1,0.0,0.0,0.0,26.0,26.779821
319,LoganThomas,DET,TE,28.0,16.0,3.0,28.0,16.0,0.0,0.0,0.0,0.0,0.0,0.0,173.0,1.0,39.3,0.0,0.0,0.0,105.0,28.015638
321,JustinJackson,LAC,RB,24.0,7.0,0.0,11.0,9.0,0.0,0.0,0.0,200.0,0.0,29.0,22.0,0.0,31.2,0.0,0.0,0.0,46.0,25.563726
322,ZayJones,2TM,WR,24.0,15.0,9.0,45.0,27.0,0.0,0.0,0.0,3.0,0.0,1.0,216.0,0.0,48.9,0.0,0.0,0.0,23.0,35.634686
323,MarcedesLewis,GNB,TE,35.0,16.0,11.0,19.0,15.0,0.0,0.0,0.0,0.0,0.0,0.0,156.0,1.0,36.6,0.0,0.0,0.0,29.0,37.601135
324,TimPatrick,DEN,WR,26.0,8.0,2.0,31.0,16.0,0.0,0.0,0.0,0.0,0.0,0.0,218.0,0.0,37.8,0.0,0.0,0.0,110.0,28.703194
325,RossDwelley,SFO,TE,24.0,16.0,6.0,22.0,15.0,0.0,0.0,0.0,0.0,0.0,0.0,91.0,2.0,36.1,0.0,0.0,0.0,31.0,27.95395
326,JaedenGraham,ATL,TE,24.0,16.0,0.0,10.0,9.0,0.0,0.0,0.0,0.0,0.0,0.0,149.0,1.0,29.9,0.0,0.0,0.0,3.0,28.47299
327,CJHam,MIN,RB,26.0,16.0,7.0,26.0,17.0,0.0,0.0,0.0,17.0,0.0,7.0,149.0,1.0,37.6,0.0,1.0,1.0,18.0,23.23891
328,BrianHoyer,IND,QB,34.0,4.0,1.0,0.0,0.0,372.0,4.0,65.0,2.0,0.0,8.0,0.0,0.0,21.08,4.0,2.0,1.0,2.0,43.690094
329,KalifRaymond,TEN,WR,25.0,8.0,1.0,12.0,9.0,0.0,0.0,0.0,-5.0,0.0,1.0,170.0,1.0,29.5,0.0,1.0,1.0,18.0,28.606413
330,ParrisCampbell,IND,WR,22.0,7.0,3.0,24.0,18.0,0.0,0.0,0.0,34.0,0.0,4.0,127.0,1.0,38.1,0.0,3.0,1.0,9.0,43.40246
331,DerekCarrier,OAK,TE,29.0,16.0,4.0,19.0,13.0,0.0,0.0,0.0,27.0,0.0,1.0,108.0,1.0,32.5,0.0,0.0,0.0,1.0,23.496218
334,RichieJames,SFO,WR,24.0,16.0,1.0,10.0,6.0,0.0,0.0,0.0,-1.0,0.0,2.0,165.0,1.0,26.4,0.0,1.0,1.0,41.0,29.92702
335,IanThomas,CAR,TE,23.0,16.0,3.0,30.0,16.0,0.0,0.0,0.0,0.0,0.0,0.0,136.0,1.0,35.6,0.0,0.0,0.0,21.0,32.490284
337,TyMontgomery,NYJ,RB,26.0,16.0,2.0,17.0,13.0,0.0,0.0,0.0,103.0,0.0,32.0,90.0,0.0,32.3,0.0,0.0,0.0,13.0,22.24639
338,CJProsise,SEA,RB,25.0,9.0,0.0,12.0,10.0,0.0,0.0,0.0,72.0,1.0,23.0,76.0,0.0,28.8,0.0,1.0,1.0,8.0,29.140936
340,DarrellHenderson,LAR,RB,22.0,13.0,0.0,6.0,4.0,0.0,0.0,0.0,147.0,0.0,39.0,37.0,0.0,22.4,0.0,0.0,0.0,114.0,25.572954
341,DontrelleInman,2TM,WR,30.0,7.0,1.0,21.0,12.0,0.0,0.0,0.0,0.0,0.0,0.0,181.0,0.0,30.1,0.0,0.0,0.0,28.0,30.772501
344,TravisHomer,SEA,RB,21.0,16.0,1.0,13.0,11.0,0.0,0.0,0.0,114.0,0.0,18.0,56.0,0.0,28.0,0.0,0.0,0.0,24.0,33.065914
345,RyanIzzo,NWE,TE,24.0,6.0,4.0,9.0,6.0,0.0,0.0,0.0,0.0,0.0,0.0,114.0,1.0,23.4,0.0,0.0,0.0,18.0,22.176006
346,AJMcCarron,HOU,QB,29.0,2.0,1.0,0.0,0.0,225.0,0.0,37.0,39.0,1.0,5.0,0.0,0.0,16.9,1.0,0.0,0.0,1.0,26.75215
347,CamNewton,CAR,QB,30.0,2.0,2.0,0.0,0.0,572.0,0.0,89.0,-2.0,0.0,5.0,0.0,0.0,16.68,1.0,2.0,2.0,259.0,39.86691
350,NickVannett,2TM,TE,26.0,16.0,7.0,22.0,17.0,0.0,0.0,0.0,0.0,0.0,0.0,166.0,0.0,33.6,0.0,0.0,0.0,16.0,18.698828
352,TJYeldon,BUF,RB,26.0,6.0,0.0,15.0,13.0,0.0,0.0,0.0,63.0,0.0,17.0,124.0,0.0,29.7,0.0,1.0,1.0,15.0,30.617456
356,RobertTonyan,GNB,TE,25.0,11.0,1.0,15.0,10.0,0.0,0.0,0.0,0.0,0.0,0.0,100.0,1.0,26.0,0.0,0.0,0.0,125.0,22.707438
358,MyColePruitt,TEN,TE,27.0,16.0,10.0,8.0,6.0,0.0,0.0,0.0,0.0,0.0,0.0,90.0,1.0,21.0,0.0,0.0,0.0,23.0,16.679617
360,DeAndreCarter,HOU,WR,26.0,16.0,3.0,14.0,11.0,0.0,0.0,0.0,0.0,0.0,0.0,162.0,0.0,25.2,0.0,2.0,1.0,-1.0,23.751516
363,VirgilGreen,LAC,TE,31.0,15.0,4.0,13.0,9.0,0.0,0.0,0.0,0.0,0.0,0.0,78.0,1.0,22.8,0.0,0.0,0.0,11.0,25.371508
365,JesseJames,DET,TE,25.0,16.0,11.0,27.0,16.0,0.0,0.0,0.0,0.0,0.0,0.0,142.0,0.0,30.2,0.0,0.0,0.0,25.0,22.528645
366,DanielBrown,NYJ,TE,27.0,16.0,5.0,11.0,7.0,0.0,0.0,0.0,0.0,0.0,0.0,72.0,1.0,20.2,0.0,0.0,0.0,3.0,16.5558
369,MackHollins,2TM,WR,26.0,16.0,3.0,23.0,10.0,0.0,0.0,0.0,0.0,0.0,0.0,125.0,0.0,22.5,0.0,0.0,0.0,22.0,20.08811
371,TylerKroft,BUF,TE,27.0,11.0,3.0,14.0,6.0,0.0,0.0,0.0,0.0,0.0,0.0,71.0,1.0,19.1,0.0,0.0,0.0,30.0,16.854239
372,BenRoethlisberger,PIT,QB,37.0,2.0,2.0,0.0,0.0,351.0,0.0,62.0,7.0,0.0,1.0,0.0,0.0,12.739999999999998,1.0,1.0,0.0,267.0,57.710686
375,AntonioBrown,NWE,WR,31.0,1.0,0.0,8.0,4.0,0.0,0.0,0.0,5.0,0.0,1.0,56.0,1.0,16.1,0.0,0.0,0.0,72.0,37.316566
377,RashardHiggins,CLE,WR,25.0,10.0,1.0,11.0,4.0,0.0,0.0,0.0,0.0,0.0,0.0,55.0,1.0,15.5,0.0,0.0,0.0,84.0,18.53291
378,AlecIngold,OAK,RB,23.0,16.0,4.0,6.0,6.0,0.0,0.0,0.0,17.0,0.0,10.0,44.0,1.0,18.1,0.0,0.0,0.0,17.0,18.223877
380,StephenCarlson,CLE,TE,23.0,9.0,5.0,7.0,5.0,0.0,0.0,0.0,0.0,0.0,0.0,51.0,1.0,16.1,0.0,0.0,0.0,3.0,18.11056
383,BrandonZylstra,CAR,WR,26.0,8.0,0.0,12.0,8.0,0.0,0.0,0.0,0.0,0.0,0.0,106.0,0.0,18.6,0.0,1.0,0.0,10.0,20.475674
385,BraxtonBerrios,NYJ,WR,24.0,16.0,0.0,13.0,6.0,0.0,0.0,0.0,0.0,0.0,0.0,115.0,0.0,15.5,0.0,1.0,1.0,60.0,28.34593
386,TroyFumagalli,DEN,TE,24.0,11.0,5.0,9.0,6.0,0.0,0.0,0.0,0.0,0.0,0.0,38.0,1.0,15.8,0.0,0.0,0.0,14.0,14.975629
387,DeonteHarris,NOR,WR,22.0,14.0,1.0,6.0,6.0,0.0,0.0,0.0,31.0,0.0,4.0,24.0,0.0,9.5,0.0,3.0,1.0,28.0,31.647913
388,AndyJanovich,DEN,RB,26.0,7.0,3.0,5.0,5.0,0.0,0.0,0.0,1.0,1.0,1.0,42.0,0.0,15.3,0.0,0.0,0.0,2.0,13.548984
391,DavidNjoku,CLE,TE,23.0,4.0,1.0,10.0,5.0,0.0,0.0,0.0,0.0,0.0,0.0,41.0,1.0,15.1,0.0,0.0,0.0,33.0,26.333426
394,MoAlieCox,IND,TE,26.0,16.0,2.0,11.0,8.0,0.0,0.0,0.0,0.0,0.0,0.0,93.0,0.0,17.3,0.0,0.0,0.0,49.0,18.245798
396,ChristianBlake,ATL,WR,23.0,9.0,3.0,24.0,11.0,0.0,0.0,0.0,0.0,0.0,0.0,91.0,0.0,20.1,0.0,0.0,0.0,14.0,23.600803
397,AntonioCallaway,CLE,WR,22.0,4.0,2.0,15.0,8.0,0.0,0.0,0.0,0.0,0.0,0.0,89.0,0.0,16.9,0.0,0.0,0.0,2.0,27.284576
399,RobertFoster,BUF,WR,25.0,13.0,2.0,18.0,3.0,0.0,0.0,0.0,29.0,0.0,2.0,64.0,0.0,12.3,0.0,0.0,0.0,4.0,14.409097
401,DErnestJohnson,CLE,RB,23.0,16.0,0.0,7.0,6.0,0.0,0.0,0.0,21.0,0.0,4.0,71.0,0.0,15.2,0.0,0.0,0.0,18.0,23.09268
403,LeeSmith,BUF,TE,32.0,16.0,5.0,5.0,4.0,0.0,0.0,0.0,0.0,0.0,0.0,31.0,1.0,13.1,0.0,0.0,0.0,16.0,26.516272
404,AlexArmah,CAR,RB,25.0,16.0,1.0,2.0,2.0,0.0,0.0,0.0,11.0,1.0,6.0,6.0,0.0,9.7,0.0,0.0,0.0,3.0,15.271601
405,NickBellore,SEA,RB,30.0,14.0,1.0,2.0,2.0,0.0,0.0,0.0,0.0,0.0,0.0,23.0,1.0,10.3,0.0,0.0,0.0,1.0,23.60438
407,TreyBurton,CHI,TE,28.0,8.0,5.0,24.0,14.0,0.0,0.0,0.0,0.0,0.0,0.0,84.0,0.0,22.4,0.0,0.0,0.0,55.0,18.884794
408,KhaDarelHodge,CLE,WR,24.0,16.0,1.0,10.0,4.0,0.0,0.0,0.0,0.0,0.0,0.0,76.0,0.0,11.6,0.0,0.0,0.0,18.0,18.780758
409,TrentSherfield,ARI,WR,23.0,16.0,1.0,13.0,4.0,0.0,0.0,0.0,0.0,0.0,0.0,80.0,0.0,12.0,0.0,0.0,0.0,5.0,21.098028
411,LukeWillson,SEA,TE,29.0,8.0,7.0,10.0,8.0,0.0,0.0,0.0,0.0,0.0,0.0,79.0,0.0,15.9,0.0,0.0,0.0,1.0,17.968958
412,ChadBeebe,MIN,WR,25.0,3.0,0.0,2.0,2.0,0.0,0.0,0.0,0.0,0.0,0.0,70.0,0.0,9.0,0.0,3.0,0.0,30.0,21.221212
413,BlakeBell,KAN,TE,28.0,15.0,7.0,15.0,8.0,0.0,0.0,0.0,0.0,0.0,0.0,67.0,0.0,14.7,0.0,0.0,0.0,11.0,14.651065
414,DevontaeBooker,DEN,RB,27.0,16.0,0.0,9.0,6.0,0.0,0.0,0.0,9.0,0.0,2.0,57.0,0.0,12.6,0.0,0.0,0.0,69.0,21.578707
416,CethanCarter,CIN,RB,24.0,15.0,0.0,3.0,2.0,0.0,0.0,0.0,0.0,0.0,0.0,13.0,1.0,9.3,0.0,0.0,0.0,5.0,18.882406
417,ChrisHogan,CAR,WR,32.0,7.0,1.0,15.0,8.0,0.0,0.0,0.0,0.0,0.0,0.0,67.0,0.0,14.7,0.0,0.0,0.0,12.0,33.0991
418,TroymainePope,LAC,RB,26.0,14.0,0.0,3.0,2.0,0.0,0.0,0.0,20.0,0.0,10.0,14.0,1.0,9.4,0.0,1.0,1.0,12.0,20.588663
419,RileyRidley,CHI,WR,23.0,5.0,0.0,7.0,6.0,0.0,0.0,0.0,0.0,0.0,0.0,69.0,0.0,12.9,0.0,0.0,0.0,4.0,23.487844
420,AdamShaheen,CHI,TE,25.0,8.0,2.0,13.0,9.0,0.0,0.0,0.0,0.0,0.0,0.0,74.0,0.0,14.4,0.0,1.0,1.0,33.0,20.598093
421,DurhamSmythe,MIA,TE,24.0,16.0,14.0,14.0,7.0,0.0,0.0,0.0,0.0,0.0,0.0,65.0,0.0,13.5,0.0,0.0,0.0,33.0,22.5391
422,GeoffSwaim,JAX,TE,26.0,6.0,2.0,17.0,13.0,0.0,0.0,0.0,0.0,0.0,0.0,65.0,0.0,19.5,0.0,0.0,0.0,14.0,19.423254
424,DwayneWashington,NOR,RB,25.0,16.0,0.0,1.0,1.0,0.0,0.0,0.0,60.0,0.0,8.0,6.0,0.0,7.6,0.0,0.0,0.0,2.0,16.719442
425,MattBarkley,BUF,QB,29.0,2.0,0.0,0.0,0.0,359.0,0.0,51.0,-4.0,0.0,2.0,0.0,0.0,5.959999999999999,3.0,3.0,1.0,9.0,18.120348
426,TylerConklin,MIN,TE,24.0,15.0,1.0,10.0,8.0,0.0,0.0,0.0,0.0,0.0,0.0,58.0,0.0,13.8,0.0,0.0,0.0,25.0,18.588585
432,TyrodTaylor,LAC,QB,30.0,8.0,0.0,1.0,0.0,33.0,1.0,6.0,7.0,0.0,10.0,0.0,0.0,6.0200000000000005,0.0,0.0,0.0,9.0,27.698853
434,KhariBlasingame,TEN,RB,23.0,6.0,3.0,5.0,4.0,0.0,0.0,0.0,0.0,0.0,0.0,54.0,0.0,9.4,0.0,0.0,0.0,4.0,16.440138
435,DeontayBurnett,PHI,WR,22.0,1.0,1.0,4.0,2.0,0.0,0.0,0.0,0.0,0.0,0.0,48.0,0.0,6.8,0.0,0.0,0.0,2.0,25.540995
436,MikeDavis,2TM,RB,26.0,12.0,1.0,8.0,7.0,0.0,0.0,0.0,27.0,0.0,13.0,22.0,0.0,11.9,0.0,0.0,0.0,148.0,14.554544
442,DevineOzigbo,JAX,RB,23.0,10.0,0.0,5.0,3.0,0.0,0.0,0.0,27.0,0.0,9.0,23.0,0.0,8.0,0.0,0.0,0.0,4.0,18.108809
443,ElijhaaPenny,NYG,RB,26.0,16.0,1.0,4.0,2.0,0.0,0.0,0.0,39.0,0.0,15.0,9.0,0.0,6.8,0.0,0.0,0.0,4.0,15.353558
444,LukeStocker,ATL,TE,31.0,15.0,9.0,14.0,8.0,0.0,0.0,0.0,0.0,0.0,0.0,53.0,0.0,13.3,0.0,1.0,0.0,6.0,20.102316
445,TrevonWesco,NYJ,TE,24.0,16.0,1.0,3.0,2.0,0.0,0.0,0.0,2.0,0.0,1.0,47.0,0.0,6.9,0.0,0.0,0.0,1.0,15.84248
448,DeonYelder,KAN,TE,24.0,9.0,1.0,4.0,3.0,0.0,0.0,0.0,0.0,0.0,0.0,50.0,0.0,8.0,0.0,0.0,0.0,4.0,15.301943
451,MikeGlennon,OAK,QB,30.0,2.0,0.0,0.0,0.0,56.0,1.0,10.0,0.0,0.0,2.0,0.0,0.0,4.24,0.0,3.0,1.0,61.0,37.66809
452,ColtMcCoy,WAS,QB,33.0,1.0,1.0,0.0,0.0,122.0,0.0,27.0,14.0,0.0,2.0,0.0,0.0,4.279999999999999,1.0,2.0,0.0,18.0,36.053085
453,StevenMitchell,HOU,WR,25.0,3.0,1.0,6.0,2.0,0.0,0.0,0.0,0.0,0.0,0.0,37.0,0.0,5.7,0.0,0.0,0.0,6.0,17.6392
458,CJBoard,JAX,WR,26.0,4.0,0.0,4.0,2.0,0.0,0.0,0.0,0.0,0.0,0.0,31.0,0.0,5.1,0.0,0.0,0.0,10.0,17.703733
459,PharaohBrown,CLE,TE,25.0,9.0,6.0,3.0,2.0,0.0,0.0,0.0,0.0,0.0,0.0,27.0,0.0,4.7,0.0,0.0,0.0,28.0,9.447412
464,TannerHudson,TAM,TE,25.0,9.0,1.0,5.0,2.0,0.0,0.0,0.0,0.0,0.0,0.0,26.0,0.0,4.6,0.0,0.0,0.0,4.0,13.1131525
468,JohnnyMundt,LAR,TE,25.0,13.0,2.0,7.0,4.0,0.0,0.0,0.0,0.0,0.0,0.0,26.0,0.0,6.6,0.0,0.0,0.0,5.0,12.02091
469,AndreRoberts,BUF,WR,31.0,13.0,0.0,7.0,3.0,0.0,0.0,0.0,7.0,0.0,1.0,20.0,0.0,5.7,0.0,1.0,0.0,-1.0,25.873613
470,DrewSample,CIN,TE,23.0,9.0,2.0,6.0,5.0,0.0,0.0,0.0,0.0,0.0,0.0,30.0,0.0,8.0,0.0,0.0,0.0,39.0,15.814755
473,AnthonySherman,KAN,RB,31.0,16.0,0.0,3.0,2.0,0.0,0.0,0.0,9.0,0.0,4.0,22.0,0.0,5.1000000000000005,0.0,0.0,0.0,7.0,26.410414
474,CamSims,WAS,WR,23.0,7.0,1.0,3.0,2.0,0.0,0.0,0.0,0.0,0.0,0.0,27.0,0.0,4.7,0.0,0.0,0.0,54.0,16.505919
483,AshtonDulin,IND,WR,22.0,13.0,0.0,2.0,2.0,0.0,0.0,0.0,0.0,0.0,0.0,17.0,0.0,3.7,0.0,0.0,0.0,6.0,19.328077
484,TylerErvin,2TM,RB,26.0,10.0,0.0,4.0,2.0,0.0,0.0,0.0,10.0,0.0,1.0,11.0,0.0,4.1,0.0,2.0,0.0,15.0,14.102862
488,DonteMoncrief,2TM,WR,26.0,8.0,2.0,15.0,4.0,0.0,0.0,0.0,0.0,0.0,0.0,18.0,0.0,5.8,0.0,0.0,0.0,2.0,12.994921
492,SamajePerine,2TM,RB,24.0,7.0,0.0,0.0,0.0,0.0,0.0,0.0,16.0,0.0,5.0,0.0,0.0,1.6,0.0,0.0,0.0,55.0,14.931162
493,EricSaubert,CHI,TE,25.0,2.0,0.0,3.0,2.0,0.0,0.0,0.0,0.0,0.0,0.0,21.0,0.0,4.1,0.0,0.0,0.0,2.0,19.227522
494,KeithSmith,ATL,RB,27.0,16.0,5.0,3.0,1.0,0.0,0.0,0.0,8.0,0.0,5.0,13.0,0.0,3.1,0.0,0.0,0.0,7.0,11.285615
495,DiontaeSpencer,DEN,WR,27.0,16.0,2.0,8.0,6.0,0.0,0.0,0.0,6.0,0.0,3.0,31.0,0.0,7.699999999999997,0.0,3.0,1.0,11.0,20.386965
498,JoshAdams,NYJ,RB,23.0,3.0,0.0,0.0,0.0,0.0,0.0,0.0,12.0,0.0,8.0,0.0,0.0,1.2,0.0,0.0,0.0,31.0,19.165533
501,AustinCarr,NOR,WR,26.0,6.0,3.0,4.0,1.0,0.0,0.0,0.0,0.0,0.0,0.0,9.0,0.0,1.9,0.0,0.0,0.0,9.0,10.983893
507,RyanGriffin,TAM,QB,30.0,2.0,0.0,0.0,0.0,18.0,0.0,4.0,-1.0,0.0,4.0,0.0,0.0,0.62,0.0,0.0,0.0,9.0,28.318817
508,DamienHarris,NWE,RB,22.0,2.0,0.0,0.0,0.0,0.0,0.0,0.0,12.0,0.0,4.0,0.0,0.0,1.2,0.0,0.0,0.0,86.0,22.507162
510,ChrisHerndon,NYJ,TE,23.0,1.0,0.0,2.0,1.0,0.0,0.0,0.0,0.0,0.0,0.0,7.0,0.0,1.7,0.0,0.0,0.0,43.0,22.181906
511,CodyHollister,TEN,WR,26.0,5.0,0.0,2.0,2.0,0.0,0.0,0.0,0.0,0.0,0.0,13.0,0.0,3.3,0.0,0.0,0.0,1.0,16.27316
512,BuddyHowell,HOU,RB,23.0,16.0,0.0,0.0,0.0,0.0,0.0,0.0,10.0,0.0,5.0,0.0,0.0,1.0,0.0,0.0,0.0,7.0,16.616592
513,JakobJohnson,NWE,RB,25.0,4.0,3.0,2.0,1.0,0.0,0.0,0.0,0.0,0.0,0.0,5.0,0.0,1.5,0.0,0.0,0.0,10.0,12.787642
517,ChrisManhertz,CAR,TE,27.0,15.0,6.0,1.0,1.0,0.0,0.0,0.0,0.0,0.0,0.0,11.0,0.0,2.1,0.0,0.0,0.0,5.0,10.363835
519,RyanNall,CHI,RB,24.0,8.0,0.0,0.0,0.0,0.0,0.0,0.0,8.0,0.0,2.0,0.0,0.0,0.8,0.0,0.0,0.0,13.0,14.384434
521,GunnerOlszewski,NWE,WR,23.0,8.0,0.0,4.0,2.0,0.0,0.0,0.0,0.0,0.0,0.0,34.0,0.0,3.4000000000000004,0.0,1.0,1.0,21.0,22.09661
524,DaltonSchultz,DAL,TE,23.0,16.0,0.0,2.0,1.0,0.0,0.0,0.0,0.0,0.0,0.0,6.0,0.0,1.6,0.0,0.0,0.0,84.0,17.30989
525,JaleelScott,BAL,WR,24.0,3.0,0.0,3.0,1.0,0.0,0.0,0.0,0.0,0.0,0.0,6.0,0.0,1.6,0.0,0.0,0.0,2.0,18.253918
527,JeffSmith,NYJ,WR,22.0,1.0,0.0,2.0,1.0,0.0,0.0,0.0,0.0,0.0,0.0,12.0,0.0,2.2,0.0,0.0,0.0,17.0,24.68284
530,JordanThomas,HOU,TE,23.0,5.0,2.0,3.0,1.0,0.0,0.0,0.0,0.0,0.0,0.0,8.0,0.0,1.8,0.0,0.0,0.0,6.0,15.320497
531,MikeThomas,LAR,WR,25.0,16.0,0.0,5.0,2.0,0.0,0.0,0.0,0.0,0.0,0.0,14.0,0.0,3.4,0.0,0.0,0.0,17.0,16.727654
532,LevineToilolo,SFO,TE,28.0,13.0,0.0,2.0,2.0,0.0,0.0,0.0,0.0,0.0,0.0,10.0,0.0,3.0,0.0,0.0,0.0,5.0,17.599394
535,DexterWilliams,GNB,RB,22.0,4.0,0.0,0.0,0.0,0.0,0.0,0.0,11.0,0.0,5.0,0.0,0.0,1.1,0.0,0.0,0.0,1.0,20.48408
537,StephenAnderson,LAC,0,26.0,1.0,0.0,0.0,0.0,0.0,0.0,0.0,0.0,0.0,0.0,0.0,0.0,0.0,0.0,0.0,0.0,11.0,19.595278
540,TimBoyle,GNB,QB,25.0,3.0,0.0,0.0,0.0,15.0,0.0,4.0,-7.0,0.0,5.0,0.0,0.0,-0.0999999999999999,0.0,0.0,0.0,-1.0,16.56349
542,TrentonCannon,NYJ,0,25.0,4.0,0.0,0.0,0.0,0.0,0.0,0.0,0.0,0.0,0.0,0.0,0.0,0.0,0.0,0.0,0.0,5.0,15.638375
545,ChandlerCox,MIA,0,23.0,13.0,3.0,0.0,0.0,0.0,0.0,0.0,0.0,0.0,0.0,0.0,0.0,0.0,0.0,0.0,0.0,1.0,10.380684
546,RiverCracraft,DEN,0,25.0,1.0,0.0,0.0,0.0,0.0,0.0,0.0,0.0,0.0,0.0,0.0,0.0,0.0,0.0,0.0,0.0,4.0,18.822214
548,DarrellDaniels,ARI,TE,25.0,11.0,0.0,3.0,1.0,0.0,0.0,0.0,0.0,0.0,0.0,4.0,0.0,1.4,0.0,0.0,0.0,15.0,13.399022
552,GehrigDieter,KAN,0,26.0,2.0,0.0,0.0,0.0,0.0,0.0,0.0,0.0,0.0,0.0,0.0,0.0,0.0,0.0,0.0,0.0,1.0,18.067812
553,BrandonDillon,MIN,0,22.0,1.0,0.0,0.0,0.0,0.0,0.0,0.0,0.0,0.0,0.0,0.0,0.0,0.0,0.0,0.0,0.0,1.0,23.465872
559,DJFoster,ARI,0,26.0,6.0,0.0,0.0,0.0,0.0,0.0,0.0,0.0,0.0,0.0,0.0,0.0,0.0,0.0,0.0,0.0,1.0,14.457598
560,TravisFulgham,DET,0,24.0,3.0,0.0,3.0,0.0,0.0,0.0,0.0,0.0,0.0,0.0,0.0,0.0,0.0,0.0,0.0,0.0,78.0,17.650173
562,GarrettGilbert,CLE,QB,28.0,5.0,0.0,0.0,0.0,0.0,0.0,3.0,-3.0,0.0,3.0,0.0,0.0,-0.3,0.0,0.0,0.0,15.0,18.688433
563,CullenGillaspia,HOU,0,24.0,16.0,0.0,0.0,0.0,0.0,0.0,0.0,0.0,0.0,0.0,0.0,0.0,0.0,0.0,0.0,0.0,1.0,15.168159
567,JalenGuyton,LAC,0,22.0,3.0,0.0,2.0,0.0,0.0,0.0,0.0,0.0,0.0,0.0,0.0,0.0,0.0,0.0,0.0,0.0,69.0,21.638304
571,LilJordanHumphrey,NOR,0,21.0,5.0,1.0,1.0,0.0,0.0,0.0,0.0,0.0,0.0,0.0,0.0,0.0,0.0,0.0,0.0,0.0,11.0,21.005926
572,TrentonIrwin,CIN,0,24.0,1.0,0.0,0.0,0.0,0.0,0.0,0.0,0.0,0.0,0.0,0.0,0.0,0.0,0.0,0.0,0.0,1.0,19.533335
576,KeithKirkwood,NOR,0,26.0,1.0,0.0,0.0,0.0,0.0,0.0,0.0,0.0,0.0,0.0,0.0,0.0,0.0,0.0,0.0,0.0,1.0,19.595278
578,JoshMalone,NYJ,0,23.0,2.0,0.0,0.0,0.0,0.0,0.0,0.0,0.0,0.0,0.0,0.0,0.0,0.0,0.0,0.0,0.0,3.0,20.101595
579,JeremyMcNichols,JAX,0,24.0,1.0,0.0,0.0,0.0,0.0,0.0,0.0,0.0,0.0,0.0,0.0,0.0,0.0,0.0,0.0,0.0,32.0,19.533335
580,TraceMcSorley,BAL,QB,24.0,1.0,0.0,0.0,0.0,0.0,0.0,0.0,1.0,0.0,1.0,0.0,0.0,0.1,0.0,0.0,0.0,9.0,19.5415
582,JaydonMickens,TAM,0,25.0,1.0,0.0,0.0,0.0,0.0,0.0,0.0,0.0,0.0,0.0,0.0,0.0,0.0,0.0,0.0,0.0,6.0,18.822214
583,AlfredMorris,ARI,RB,31.0,1.0,0.0,0.0,0.0,0.0,0.0,0.0,4.0,0.0,1.0,0.0,0.0,0.4,0.0,0.0,0.0,38.0,32.156425
584,NickMullens,SFO,QB,24.0,1.0,0.0,0.0,0.0,0.0,0.0,0.0,-3.0,0.0,3.0,0.0,0.0,-0.3,0.0,0.0,0.0,116.0,19.424896
589,SenorisePerry,BUF,RB,28.0,11.0,0.0,1.0,1.0,0.0,0.0,0.0,3.0,0.0,3.0,1.0,0.0,1.4,0.0,0.0,0.0,1.0,16.378826
590,CraigReynolds,WAS,0,23.0,3.0,0.0,0.0,0.0,0.0,0.0,0.0,0.0,0.0,0.0,0.0,0.0,0.0,0.0,0.0,0.0,1.0,19.048304
591,RichardRodgers,PHI,0,27.0,1.0,0.0,0.0,0.0,0.0,0.0,0.0,0.0,0.0,0.0,0.0,0.0,0.0,0.0,0.0,0.0,47.0,21.131239
599,JaceSternberger,GNB,0,23.0,6.0,1.0,1.0,0.0,0.0,0.0,0.0,0.0,0.0,0.0,0.0,0.0,0.0,0.0,0.0,0.0,17.0,15.011096
605,AustinWalter,NYG,0,23.0,1.0,0.0,0.0,0.0,0.0,0.0,0.0,0.0,0.0,0.0,0.0,0.0,0.0,0.0,0.0,0.0,3.0,21.277224
607,NsimbaWebster,LAR,0,23.0,5.0,0.0,0.0,0.0,0.0,0.0,0.0,0.0,0.0,0.0,0.0,0.0,0.0,0.0,1.0,0.0,-2.0,17.351522
609,TrayveonWilliams,CIN,0,22.0,11.0,0.0,0.0,0.0,0.0,0.0,0.0,0.0,0.0,0.0,0.0,0.0,0.0,0.0,0.0,0.0,17.0,17.605944
615,RayRayMcCloud,CAR,0,23.0,6.0,0.0,0.0,0.0,0.0,0.0,0.0,0.0,0.0,0.0,0.0,0.0,-2.0,0.0,3.0,1.0,12.0,24.83917
616,DarriusShepherd,GNB,WR,24.0,6.0,0.0,2.0,1.0,0.0,0.0,0.0,0.0,0.0,0.0,1.0,0.0,-0.8999999999999999,0.0,1.0,1.0,3.0,19.595423
617,JarrettStidham,NWE,QB,23.0,3.0,0.0,0.0,0.0,14.0,0.0,4.0,-2.0,0.0,2.0,0.0,0.0,-1.64,1.0,0.0,0.0,13.0,11.7312975
619,CoreyClement,PHI,0,25.0,4.0,0.0,0.0,0.0,0.0,0.0,0.0,0.0,0.0,0.0,0.0,0.0,-4.0,0.0,2.0,2.0,16.0,30.273273
